,Tags,Count
0,ASCII Art,1
31,Statistics,1
25,Permutations,1
24,Performance,1
23,Parsing,1
18,JSON,1
15,Functional Programming,1
14,Filtering,1
13,Dynamic Programming,1
12,Debugging,1
33,Tutorials,1
1,Algebra,1
7,Ciphers,1
6,Bits,1
4,Big Integers,1
5,Binary,1
11,Date Time,2
27,Refactoring,2
20,Logic,2
22,Number Theory,2
17,Geometry,2
9,Data Structures,2
26,Puzzles,3
30,Sorting,4
8,Data Science,11
28,Regular Expressions,11
19,Lists,11
10,Databases,29
21,Mathematics,36
3,Arrays,44
2,Algorithms,50
32,Strings,72
29,SQL,86
16,Fundamentals,258
